method,accuracy,f1_score,recall,precision
concrete_without_weights,0.797436146,0.791437138,0.768672601,0.815591188
concrete_with_weights,0.801693111,0.788457371,0.739125387,0.844845509
mcfs_features,0.723016641,0.726642541,0.73628096,0.717253209
lap_features,0.749119582,0.744055668,0.729334365,0.7593835
selected_features_AEFS,0.546604102,0.269944385,0.167647059,0.692510591
selected_features_PFA,0.501586687,0.021352584,0.010874613,0.585416667